                  epoch,         train/box_loss,         train/seg_loss,         train/cls_loss,         train/dfl_loss,   metrics/precision(B),      metrics/recall(B),       metrics/mAP50(B),    metrics/mAP50-95(B),   metrics/precision(M),      metrics/recall(M),       metrics/mAP50(M),    metrics/mAP50-95(M),           val/box_loss,           val/seg_loss,           val/cls_loss,           val/dfl_loss,                 lr/pg0,                 lr/pg1,                 lr/pg2
                      1,                0.55934,                0.66765,                 1.1298,                0.93818,                0.98635,                0.96774,                 0.9786,                0.85578,                0.98635,                0.96774,                 0.9786,                0.95618,                 0.5215,                0.27395,                0.86263,                0.90767,             0.00066253,             0.00066253,             0.00066253
                      2,                0.55247,                0.40352,                0.77148,                0.92737,                0.97847,                0.97742,                0.98384,                0.89541,                0.97847,                0.97742,                0.98384,                0.96605,                0.45326,                  0.269,                0.63755,                0.87525,              0.0013226,              0.0013226,              0.0013226
                      3,                0.56862,                0.37752,                0.68498,                0.93518,                0.95762,                0.97182,                0.98112,                 0.8535,                0.95762,                0.97182,                0.98112,                0.95014,                0.52082,                0.25654,                0.68576,                0.90657,              0.0019761,              0.0019761,              0.0019761
                      4,                0.55995,                0.45599,                0.64512,                0.93296,                0.99263,                0.98925,                0.98505,                0.91698,                0.99263,                0.98925,                0.98505,                0.96621,                0.42278,                0.21154,                0.50894,                0.87519,              0.0019703,              0.0019703,              0.0019703
                      5,                0.54197,                 0.3584,                 0.5807,                0.92667,                 0.9882,                0.98925,                0.98486,                0.90639,                 0.9882,                0.98925,                0.98486,                0.97696,                0.39845,                0.22324,                0.40273,                 0.8588,              0.0019604,              0.0019604,              0.0019604
                      6,                0.50253,                0.34895,                0.50556,                0.91482,                0.96793,                0.98925,                0.98268,                0.93448,                0.96793,                0.98925,                0.98268,                0.97798,                0.36333,                0.19231,                0.36144,                0.85655,              0.0019505,              0.0019505,              0.0019505
                      7,                0.49273,                0.34578,                0.49819,                0.91319,                0.98072,                0.96774,                0.98439,                0.92197,                0.98072,                0.96774,                0.98439,                0.96851,                0.36391,                0.19888,                0.40334,                0.85254,              0.0019406,              0.0019406,              0.0019406
                      8,                0.48414,                0.31107,                0.47779,                 0.9111,                0.99925,                0.98925,                 0.9852,                0.91767,                0.99925,                0.98925,                 0.9852,                0.97142,                0.38037,                0.17985,                0.32346,                0.83979,              0.0019307,              0.0019307,              0.0019307
                      9,                   0.45,                0.29029,                0.42799,                  0.894,                0.99715,                0.98925,                0.98519,                0.92481,                0.99715,                0.98925,                0.98519,                0.96866,                0.35576,                0.17634,                0.33462,                0.84243,              0.0019208,              0.0019208,              0.0019208
                     10,                 0.4477,                0.28303,                0.42039,                0.89976,                0.98826,                0.98925,                0.98539,                 0.9313,                0.98826,                0.98925,                0.98539,                0.97813,                0.34769,                0.17327,                0.30953,                0.83642,              0.0019109,              0.0019109,              0.0019109
                     11,                0.44761,                 0.2854,                0.41648,                0.90013,                0.99817,                0.98925,                0.98554,                0.94396,                0.99817,                0.98925,                0.98554,                0.97616,                0.31687,                0.17437,                0.27552,                0.83337,               0.001901,               0.001901,               0.001901
                     12,                0.43236,                0.28184,                0.39621,                0.89271,                0.99767,                0.98925,                0.98541,                0.94498,                0.99767,                0.98925,                0.98541,                0.97743,                0.31947,                0.16512,                0.27932,                0.83453,              0.0018911,              0.0018911,              0.0018911
                     13,                0.43027,                0.28521,                0.39117,                 0.8925,                0.99172,                0.98925,                 0.9855,                0.94632,                0.99172,                0.98925,                 0.9855,                0.98208,                0.32137,                0.18358,                0.30588,                0.82937,              0.0018812,              0.0018812,              0.0018812
                     14,                0.42767,                0.31007,                0.38386,                 0.8883,                0.99908,                0.98925,                 0.9857,                0.96386,                0.99908,                0.98925,                 0.9857,                0.98059,                0.27356,                0.17365,                0.24628,                0.81889,              0.0018713,              0.0018713,              0.0018713
                     15,                0.41899,                0.28274,                0.37337,                0.89044,                0.99921,                0.98925,                0.98604,                 0.9676,                0.99921,                0.98925,                0.98604,                0.97853,                0.28113,                0.16096,                0.23624,                0.82684,              0.0018614,              0.0018614,              0.0018614
                     16,                0.39138,                0.26076,                0.35525,                0.87543,                0.99868,                0.98925,                0.98653,                0.96307,                0.99868,                0.98925,                0.98653,                 0.9826,                0.27424,                 0.1538,                0.23192,                0.81735,              0.0018515,              0.0018515,              0.0018515
                     17,                0.40115,                0.27719,                0.35628,                0.88437,                0.99895,                0.98925,                 0.9859,                0.95546,                0.99895,                0.98925,                 0.9859,                0.97686,                0.29294,                0.16017,                0.23364,                0.82177,              0.0018416,              0.0018416,              0.0018416
                     18,                0.39424,                0.27346,                0.34963,                0.87618,                0.99101,                0.98925,                0.98645,                0.96106,                0.99101,                0.98925,                0.98645,                0.98459,                0.28938,                0.15942,                0.25171,                0.81734,              0.0018317,              0.0018317,              0.0018317
                     19,                0.38354,                0.25991,                0.34296,                0.88349,                0.99547,                0.98925,                0.98601,                0.96381,                0.99547,                0.98925,                0.98601,                0.98385,                0.29764,                0.16325,                0.25669,                0.82218,              0.0018218,              0.0018218,              0.0018218
                     20,                0.38146,                0.26424,                0.33517,                0.88303,                0.99855,                0.98925,                0.98758,                0.97441,                0.99855,                0.98925,                0.98758,                0.98126,                0.26285,                0.15488,                 0.2186,                0.81696,              0.0018119,              0.0018119,              0.0018119
                     21,                0.37059,                0.26946,                 0.3256,                0.87244,                0.99896,                0.98925,                0.98696,                0.97337,                0.99896,                0.98925,                0.98696,                0.98412,                0.23214,                0.16987,                 0.2045,                0.80811,               0.001802,               0.001802,               0.001802
                     22,                 0.3752,                0.28426,                0.32968,                0.87749,                0.99829,                0.98925,                0.98574,                0.96806,                0.99829,                0.98925,                0.98574,                0.98007,                0.24716,                0.16866,                0.22925,                0.81043,              0.0017921,              0.0017921,              0.0017921
                     23,                0.35545,                0.24388,                0.31181,                0.86622,                0.99916,                0.98925,                0.98653,                0.97481,                0.99916,                0.98925,                0.98653,                0.98446,                0.24645,                0.14649,                0.21936,                0.81402,              0.0017822,              0.0017822,              0.0017822
                     24,                0.35374,                0.24324,                0.31049,                0.86686,                0.99862,                0.98925,                0.98714,                0.96723,                0.99862,                0.98925,                0.98714,                0.98419,                0.24988,                0.15485,                0.21851,                0.81148,              0.0017723,              0.0017723,              0.0017723
                     25,                0.34748,                0.24643,                0.30107,                0.86768,                0.99852,                0.98925,                 0.9874,                0.95191,                0.99852,                0.98925,                 0.9874,                 0.9838,                0.26357,                0.15782,                0.21435,                0.81614,              0.0017624,              0.0017624,              0.0017624
                     26,                0.35893,                0.25305,                 0.3071,                 0.8759,                0.99906,                0.98925,                0.98699,                0.98107,                0.99906,                0.98925,                0.98699,                0.98413,                0.24041,                0.15404,                0.21099,                 0.8093,              0.0017525,              0.0017525,              0.0017525
                     27,                0.33435,                0.27059,                0.30316,                0.86852,                0.99913,                0.98925,                0.98583,                0.97968,                0.99913,                0.98925,                0.98583,                0.98179,                0.22638,                  0.159,                0.23508,                0.80916,              0.0017426,              0.0017426,              0.0017426
                     28,                0.32611,                0.25125,                0.28818,                0.86205,                0.99916,                0.98925,                0.98769,                 0.9755,                0.99916,                0.98925,                0.98769,                0.98672,                0.23021,                 0.1456,                0.21334,                0.80363,              0.0017327,              0.0017327,              0.0017327
                     29,                0.34928,                0.25902,                0.31033,                0.87498,                0.99897,                0.98925,                0.98802,                 0.9781,                0.99897,                0.98925,                0.98802,                0.98629,                0.21551,                0.15076,                0.18829,                0.80311,              0.0017228,              0.0017228,              0.0017228
                     30,                0.34643,                0.23972,                0.29756,                 0.8665,                0.99905,                0.98925,                0.98768,                0.98273,                0.99905,                0.98925,                0.98768,                0.98102,                0.22706,                0.14547,                0.18877,                0.80524,              0.0017129,              0.0017129,              0.0017129
                     31,                0.35639,                0.25077,                0.30124,                0.86765,                0.97802,                0.98925,                0.98575,                0.97321,                0.97802,                0.98925,                0.98575,                0.97863,                0.27852,                0.14428,                0.22691,                0.81427,               0.001703,               0.001703,               0.001703
                     32,                 0.3542,                   0.23,                0.30666,                0.86585,                0.99911,                0.98925,                0.98697,                0.97628,                0.99911,                0.98925,                0.98697,                0.98201,                0.22438,                0.14957,                0.19862,                 0.8111,              0.0016931,              0.0016931,              0.0016931
                     33,                0.33769,                0.23993,                  0.293,                 0.8668,                0.99661,                0.98925,                0.98785,                0.98183,                0.99661,                0.98925,                0.98785,                0.98403,                0.22774,                0.14554,                0.19803,                0.80648,              0.0016832,              0.0016832,              0.0016832
                     34,                0.33656,                0.23756,                0.29897,                0.87153,                0.99902,                0.98925,                0.98631,                0.97319,                0.99902,                0.98925,                0.98631,                0.97878,                0.23817,                0.14457,                0.20459,                0.81146,              0.0016733,              0.0016733,              0.0016733
                     35,                0.34583,                0.25679,                0.29488,                0.86932,                0.99915,                0.98925,                0.98834,                0.97848,                0.99915,                0.98925,                0.98834,                0.97494,                0.24261,                 0.1549,                0.20399,                0.80844,              0.0016634,              0.0016634,              0.0016634
                     36,                0.34964,                0.26861,                0.30193,                0.87148,                0.97842,                0.98925,                0.98825,                0.97495,                0.97842,                0.98925,                0.98825,                0.98474,                0.24693,                0.15246,                0.21256,                0.81634,              0.0016535,              0.0016535,              0.0016535
                     37,                0.33917,                0.23065,                0.29588,                0.86667,                0.99818,                0.98925,                0.98695,                0.97904,                0.99818,                0.98925,                0.98695,                0.98198,                0.23259,                0.15292,                0.19473,                0.80526,              0.0016436,              0.0016436,              0.0016436
                     38,                0.34202,                0.22242,                0.28956,                0.86519,                0.99728,                0.98925,                 0.9884,                0.98264,                0.99728,                0.98925,                 0.9884,                0.98576,                0.22521,                0.14682,                0.18442,                0.80441,              0.0016337,              0.0016337,              0.0016337
                     39,                0.31894,                0.24661,                0.27713,                0.86406,                 0.9993,                0.98925,                0.98784,                0.98083,                 0.9993,                0.98925,                0.98784,                0.98267,                0.20161,                0.14775,                0.17821,                0.80334,              0.0016238,              0.0016238,              0.0016238
                     40,                0.32545,                 0.2626,                0.29045,                0.87221,                0.99557,                0.98925,                0.98704,                0.98133,                0.99557,                0.98925,                0.98704,                 0.9807,                0.20924,                0.14372,                0.18954,                0.80726,              0.0016139,              0.0016139,              0.0016139
                     41,                0.30713,                0.26353,                0.27365,                0.85953,                0.99926,                0.98925,                0.98861,                0.97992,                0.99926,                0.98925,                0.98861,                0.98372,                0.22178,                 0.1434,                0.20557,                0.80479,               0.001604,               0.001604,               0.001604
                     42,                0.31515,                0.22866,                0.27209,                0.85698,                0.99908,                0.98925,                 0.9876,                0.97985,                0.99908,                0.98925,                 0.9876,                0.98004,                0.21232,                0.13828,                0.17844,                0.80014,              0.0015941,              0.0015941,              0.0015941
                     43,                 0.3189,                 0.2566,                0.28176,                0.86499,                0.99464,                0.98925,                0.98848,                0.98592,                0.99464,                0.98925,                0.98848,                0.98355,                0.20349,                 0.1415,                0.19274,                0.79788,              0.0015842,              0.0015842,              0.0015842
                     44,                0.32128,                0.24619,                0.27964,                0.85796,                0.99708,                0.98925,                0.98795,                0.98422,                0.99708,                0.98925,                0.98795,                0.97312,                0.20487,                0.13609,                0.17933,                0.79823,              0.0015743,              0.0015743,              0.0015743
                     45,                0.29933,                0.21567,                0.25783,                0.86112,                0.99837,                0.98925,                0.98855,                0.98678,                0.99837,                0.98925,                0.98855,                0.98107,                0.19334,                0.13569,                0.16649,                0.80189,              0.0015644,              0.0015644,              0.0015644
                     46,                0.30264,                0.21681,                 0.2634,                0.86442,                0.99917,                0.98925,                0.98837,                0.97977,                0.99917,                0.98925,                0.98837,                0.98595,                0.20632,                0.13449,                0.17498,                0.80358,              0.0015545,              0.0015545,              0.0015545
                     47,                0.30559,                0.24498,                0.26084,                0.86165,                0.99916,                0.98925,                 0.9878,                0.98483,                0.99916,                0.98925,                 0.9878,                0.98688,                0.20984,                0.14354,                0.17573,                0.80192,              0.0015446,              0.0015446,              0.0015446
                     48,                0.30423,                0.23935,                0.26174,                0.85987,                0.99853,                0.98925,                0.98872,                0.98872,                0.99853,                0.98925,                0.98872,                0.98445,                0.19457,                0.15312,                0.17859,                0.79659,              0.0015347,              0.0015347,              0.0015347
                     49,                0.29644,                0.21278,                0.26051,                0.86242,                0.99936,                0.98925,                 0.9897,                 0.9836,                0.99936,                0.98925,                 0.9897,                0.98437,                0.21231,                0.13674,                0.18546,                  0.798,              0.0015248,              0.0015248,              0.0015248
                     50,                0.30885,                0.23629,                0.26707,                0.86847,                0.99818,                0.98925,                0.98764,                0.98191,                0.99818,                0.98925,                0.98764,                0.98176,                0.19795,                0.13586,                0.18523,                 0.7991,              0.0015149,              0.0015149,              0.0015149
                     51,                0.30669,                0.22711,                0.26021,                0.85823,                0.99923,                0.98925,                0.99067,                0.98906,                0.99923,                0.98925,                0.99067,                0.98594,                0.20089,                0.13668,                0.16898,                0.80081,               0.001505,               0.001505,               0.001505
                     52,                0.30159,                0.23286,                0.25662,                0.86148,                0.99871,                0.98925,                0.98889,                0.98794,                0.99871,                0.98925,                0.98889,                0.98605,                0.17188,                0.13458,                0.15131,                0.79413,              0.0014951,              0.0014951,              0.0014951
                     53,                0.29791,                0.23277,                0.25613,                0.86242,                0.99938,                0.98925,                0.99028,                0.98387,                0.99938,                0.98925,                0.99028,                0.98948,                0.21338,                0.13704,                0.17157,                0.79934,              0.0014852,              0.0014852,              0.0014852
                     54,                0.31145,                0.23678,                 0.2652,                0.86178,                0.99936,                0.98925,                0.98975,                0.98505,                0.99936,                0.98925,                0.98975,                0.98424,                0.17866,                0.13921,                0.16264,                0.79476,              0.0014753,              0.0014753,              0.0014753
                     55,                0.29058,                0.23706,                0.25414,                0.85518,                0.99889,                0.98925,                0.98955,                0.98867,                0.99889,                0.98925,                0.98955,                0.98699,                0.17815,                0.13317,                0.16349,                0.79389,              0.0014654,              0.0014654,              0.0014654
                     56,                0.29819,                0.24271,                0.25856,                0.85109,                0.99937,                0.98925,                0.99219,                0.99083,                0.99937,                0.98925,                0.99219,                0.98741,                0.16439,                0.13458,                0.15253,                0.79456,              0.0014555,              0.0014555,              0.0014555
                     57,                0.29077,                0.25032,                0.24893,                 0.8581,                 0.9994,                0.98925,                0.99179,                0.99179,                 0.9994,                0.98925,                0.99179,                0.98934,                0.17456,                0.13922,                0.16437,                0.79425,              0.0014456,              0.0014456,              0.0014456
                     58,                0.27424,                0.22678,                0.24287,                0.84996,                0.99939,                0.98925,                 0.9912,                0.99049,                0.99939,                0.98925,                 0.9912,                0.98584,                0.18217,                 0.1428,                0.16228,                0.79576,              0.0014357,              0.0014357,              0.0014357
                     59,                0.28596,                0.23194,                 0.2487,                0.85946,                0.99921,                0.98925,                0.98714,                 0.9852,                0.99921,                0.98925,                0.98714,                0.98015,                0.16774,                0.14769,                0.16929,                0.79736,              0.0014258,              0.0014258,              0.0014258
                     60,                0.27334,                0.21364,                0.24402,                0.85661,                0.99939,                0.98925,                0.99184,                0.99184,                0.99939,                0.98925,                0.99184,                0.98768,                 0.1959,                0.14073,                0.15705,                0.79859,              0.0014159,              0.0014159,              0.0014159
                     61,                0.27161,                0.21576,                0.23638,                0.85217,                0.99779,                0.98925,                0.98946,                0.98544,                0.99779,                0.98925,                0.98946,                0.98573,                0.18871,                0.13606,                0.15798,                0.80346,               0.001406,               0.001406,               0.001406
                     62,                0.29805,                0.21765,                0.25693,                0.85468,                0.99566,                0.98925,                0.99009,                0.98739,                0.99566,                0.98925,                0.99009,                0.98673,                 0.1784,                0.13375,                0.16921,                0.79422,              0.0013961,              0.0013961,              0.0013961
                     63,                0.28617,                 0.2145,                0.24655,                0.85882,                0.99666,                0.98925,                0.98825,                0.98632,                0.99666,                0.98925,                0.98825,                0.98536,                0.18722,                0.13162,                 0.1674,                0.79955,              0.0013862,              0.0013862,              0.0013862
                     64,                0.28076,                0.22422,                 0.2417,                0.85226,                0.99587,                0.98925,                0.98953,                0.98874,                0.99587,                0.98925,                0.98953,                0.98755,                0.18984,                0.13877,                0.16088,                0.79584,              0.0013763,              0.0013763,              0.0013763
                     65,                0.28081,                0.23003,                0.24889,                0.85629,                0.99914,                0.98925,                0.98981,                0.98981,                0.99914,                0.98925,                0.98981,                0.98619,                0.18227,                0.13169,                0.15009,                0.79246,              0.0013664,              0.0013664,              0.0013664
                     66,                0.29115,                0.23211,                0.24993,                0.85941,                0.99752,                0.98925,                0.98948,                0.98784,                0.99752,                0.98925,                0.98948,                0.98496,                0.18001,                0.14126,                0.15205,                0.79429,              0.0013565,              0.0013565,              0.0013565
                     67,                0.28616,                0.22658,                0.24657,                0.84699,                0.99795,                0.98925,                0.98749,                0.98562,                0.99795,                0.98925,                0.98749,                0.98411,                0.17987,                0.13962,                0.16629,                0.79563,              0.0013466,              0.0013466,              0.0013466
                     68,                 0.2905,                0.22185,                0.25161,                0.85289,                0.99898,                0.98925,                0.98902,                0.98902,                0.99898,                0.98925,                0.98902,                0.98264,                0.16697,                0.13524,                0.15323,                0.79406,              0.0013367,              0.0013367,              0.0013367
                     69,                0.27653,                0.20304,                0.23337,                0.85591,                0.99901,                0.98925,                0.99059,                0.98656,                0.99901,                0.98925,                0.99059,                0.98698,                0.17896,                0.13404,                0.14842,                0.79184,              0.0013268,              0.0013268,              0.0013268
                     70,                0.27193,                0.21737,                0.23134,                0.84906,                0.99665,                0.98925,                 0.9919,                 0.9919,                0.99665,                0.98925,                 0.9919,                0.98589,                0.18155,                0.12851,                0.15436,                0.79637,              0.0013169,              0.0013169,              0.0013169
                     71,                0.28515,                0.21531,                0.24181,                0.85275,                0.99787,                0.98925,                0.99019,                0.98927,                0.99787,                0.98925,                0.99019,                0.98681,                 0.1653,                0.13358,                0.14015,                0.79269,               0.001307,               0.001307,               0.001307
                     72,                 0.2718,                0.23116,                0.23226,                0.85314,                0.99926,                0.98925,                0.98909,                0.98736,                0.99926,                0.98925,                0.98909,                0.98551,                0.17537,                0.14241,                0.14745,                0.79336,              0.0012971,              0.0012971,              0.0012971
                     73,                0.27536,                0.22379,                0.23237,                0.85107,                0.99938,                0.98925,                0.99074,                0.99074,                0.99938,                0.98925,                0.99074,                0.98736,                0.17214,                0.13132,                0.14584,                0.79404,              0.0012872,              0.0012872,              0.0012872
                     74,                0.27325,                0.21565,                0.23513,                0.85697,                0.99935,                0.98925,                0.98924,                0.98844,                0.99935,                0.98925,                0.98924,                0.98676,                0.15578,                0.13128,                0.14316,                0.78885,              0.0012773,              0.0012773,              0.0012773
                     75,                0.26805,                 0.2127,                0.22741,                0.84708,                0.99909,                0.98925,                0.99025,                0.98935,                0.99909,                0.98925,                0.99025,                0.98576,                0.16624,                0.13266,                0.14495,                 0.7905,              0.0012674,              0.0012674,              0.0012674
                     76,                0.27018,                0.20681,                0.22742,                0.85554,                0.99941,                0.98925,                0.99148,                0.99148,                0.99941,                0.98925,                0.99148,                 0.9882,                0.16417,                0.12805,                0.14225,                 0.7902,              0.0012575,              0.0012575,              0.0012575
                     77,                0.26636,                 0.2189,                0.23176,                0.85375,                0.99933,                0.98925,                 0.9875,                 0.9875,                0.99933,                0.98925,                 0.9875,                0.98323,                0.15009,                 0.1297,                0.13512,                0.78818,              0.0012476,              0.0012476,              0.0012476
                     78,                0.26512,                0.19839,                0.22218,                0.84378,                 0.9989,                0.98925,                0.98858,                0.98671,                 0.9989,                0.98925,                0.98858,                0.98354,                0.17469,                0.12938,                0.13889,                0.79127,              0.0012377,              0.0012377,              0.0012377
                     79,                0.26133,                0.21901,                0.22234,                0.85367,                0.99935,                0.98925,                0.99035,                0.99035,                0.99935,                0.98925,                0.99035,                0.98686,                0.15024,                0.13587,                0.12837,                0.78678,              0.0012278,              0.0012278,              0.0012278
                     80,                0.25905,                0.20944,                0.21931,                 0.8515,                0.99939,                0.98925,                 0.9909,                0.98939,                0.99939,                0.98925,                 0.9909,                0.98728,                0.15499,                0.13333,                0.13303,                0.78963,              0.0012179,              0.0012179,              0.0012179
                     81,                0.26575,                 0.2138,                  0.222,                0.85503,                0.99931,                0.98925,                0.99012,                0.99012,                0.99931,                0.98925,                0.99012,                0.98608,                0.16824,                0.13283,                0.14595,                 0.7915,               0.001208,               0.001208,               0.001208
                     82,                0.26264,                0.19927,                0.22183,                0.85359,                0.99917,                0.98925,                0.98995,                0.98913,                0.99917,                0.98925,                0.98995,                0.98572,                0.17496,                0.13307,                0.14108,                0.79341,              0.0011981,              0.0011981,              0.0011981
                     83,                0.25327,                0.19714,                0.21615,                0.84866,                0.99937,                0.98925,                0.99031,                0.98928,                0.99937,                0.98925,                0.99031,                0.98555,                 0.1627,                0.12715,                0.13134,                 0.7896,              0.0011882,              0.0011882,              0.0011882
                     84,                0.26451,                0.20966,                0.22377,                0.84809,                 0.9994,                0.98925,                0.99074,                0.99074,                 0.9994,                0.98925,                0.99074,                 0.9899,                0.15553,                0.13118,                0.14357,                0.78857,              0.0011783,              0.0011783,              0.0011783
                     85,                0.26998,                0.21834,                0.22983,                0.85123,                0.99937,                0.98925,                0.99067,                0.99067,                0.99937,                0.98925,                0.99067,                0.98495,                0.16868,                 0.1317,                 0.1404,                0.79332,              0.0011684,              0.0011684,              0.0011684
                     86,                0.25563,                0.20309,                0.21387,                0.84713,                0.99926,                0.98925,                0.99207,                0.99207,                0.99926,                0.98925,                0.99207,                0.98837,                0.15455,                0.13311,                0.13519,                0.78898,              0.0011585,              0.0011585,              0.0011585
                     87,                0.25796,                0.21287,                0.22315,                0.85016,                0.99928,                0.98925,                0.99219,                0.99219,                0.99928,                0.98925,                0.99219,                0.98893,                0.16277,                0.13134,                0.13771,                0.78901,              0.0011486,              0.0011486,              0.0011486
                     88,                0.26257,                 0.2038,                0.22342,                0.84958,                0.99867,                0.98925,                0.99045,                0.98962,                0.99867,                0.98925,                0.99045,                 0.9878,                0.15602,                0.12942,                 0.1446,                0.78685,              0.0011387,              0.0011387,              0.0011387
                     89,                0.25108,                0.20209,                0.21901,                0.84571,                0.99795,                0.98925,                0.99139,                0.99139,                0.99795,                0.98925,                0.99139,                0.98778,                0.15835,                0.12752,                0.13255,                 0.7888,              0.0011288,              0.0011288,              0.0011288
                     90,                0.25024,                0.22158,                0.21811,                0.84533,                0.99919,                0.98925,                0.99231,                0.99231,                0.99919,                0.98925,                0.99231,                0.98849,                0.16096,                0.13013,                0.14956,                0.79283,              0.0011189,              0.0011189,              0.0011189
                     91,                0.25865,                0.21702,                0.21872,                0.85198,                0.99277,                0.98925,                0.99082,                0.99082,                0.99277,                0.98925,                0.99082,                0.98808,                0.15886,                0.13245,                0.14239,                0.79228,               0.001109,               0.001109,               0.001109
                     92,                0.25784,                0.22224,                  0.219,                0.84847,                0.99756,                0.98925,                0.99238,                0.99238,                0.99756,                0.98925,                0.99238,                0.98961,                0.15724,                0.12903,                0.13731,                0.79083,              0.0010991,              0.0010991,              0.0010991
                     93,                0.25519,                0.21022,                0.21655,                0.85524,                0.99557,                0.98925,                0.99251,                0.99251,                0.99557,                0.98925,                0.99251,                0.98742,                0.16713,                0.12991,                0.13964,                0.79295,              0.0010892,              0.0010892,              0.0010892
                     94,                0.25726,                0.20233,                0.21422,                0.84182,                0.99853,                0.98925,                0.99219,                0.99219,                0.99853,                0.98925,                0.99219,                 0.9883,                0.14407,                0.12592,                0.13687,                 0.7872,              0.0010793,              0.0010793,              0.0010793
                     95,                0.25234,                0.20102,                0.21323,                0.84652,                0.99864,                0.98925,                0.99179,                0.99179,                0.99864,                0.98925,                0.99179,                0.98582,                0.15725,                0.12885,                0.13063,                 0.7898,              0.0010694,              0.0010694,              0.0010694
                     96,                0.24558,                0.20064,                0.20906,                0.85085,                0.99792,                0.98925,                0.99196,                0.99196,                0.99792,                0.98925,                0.99196,                0.98825,                0.15474,                0.13262,                0.13374,                0.79067,              0.0010595,              0.0010595,              0.0010595
                     97,                0.24491,                0.20858,                0.20829,                0.84371,                0.99697,                0.98925,                0.99168,                0.99168,                0.99697,                0.98925,                0.99168,                0.98712,                0.16541,                 0.1304,                0.13954,                0.79131,              0.0010496,              0.0010496,              0.0010496
                     98,                0.24958,                0.20505,                0.21184,                0.84589,                0.99787,                0.98925,                0.99059,                0.99059,                0.99787,                0.98925,                0.99059,                0.98691,                0.15197,                0.12956,                0.13939,                0.78792,              0.0010397,              0.0010397,              0.0010397
                     99,                0.24065,                0.20199,                0.20796,                0.84718,                0.99941,                0.98925,                0.99009,                0.99009,                0.99941,                0.98925,                0.99009,                0.98659,                0.14703,                0.12677,                0.12914,                0.78798,              0.0010298,              0.0010298,              0.0010298
                    100,                0.24924,                0.20322,                0.21337,                 0.8539,                 0.9994,                0.98925,                0.99082,                0.99001,                 0.9994,                0.98925,                0.99082,                0.98526,                0.14935,                 0.1294,                0.13554,                0.79122,              0.0010199,              0.0010199,              0.0010199
                    101,                0.24227,                0.21244,                0.21133,                0.84869,                0.99914,                0.98925,                0.99094,                0.99023,                0.99914,                0.98925,                0.99094,                0.98643,                 0.1502,                0.12788,                0.12893,                0.78797,                0.00101,                0.00101,                0.00101
                    102,                0.24604,                0.20601,                0.21195,                0.85087,                0.99934,                0.98925,                0.99094,                0.99094,                0.99934,                0.98925,                0.99094,                0.98625,                0.15013,                0.13146,                0.12991,                 0.7882,              0.0010001,              0.0010001,              0.0010001
                    103,                0.23345,                0.18361,                0.20102,                0.84423,                0.99936,                0.98925,                0.99231,                0.99231,                0.99936,                0.98925,                0.99231,                0.98808,                0.13961,                0.12565,                0.13112,                0.78599,              0.0009902,              0.0009902,              0.0009902
                    104,                0.23452,                0.19063,                0.19878,                0.84461,                0.99941,                0.98925,                0.99179,                0.99179,                0.99941,                0.98925,                0.99179,                0.98826,                0.14647,                0.12829,                0.12022,                0.78821,              0.0009803,              0.0009803,              0.0009803
                    105,                0.24657,                0.20794,                0.20374,                0.84725,                0.99941,                0.98925,                0.99264,                0.99264,                0.99941,                0.98925,                0.99264,                0.99015,                 0.1365,                0.12353,                0.11994,                0.78658,              0.0009704,              0.0009704,              0.0009704
                    106,                0.23608,                0.18764,                0.20226,                0.85273,                0.99938,                0.98925,                0.99184,                0.99184,                0.99938,                0.98925,                0.99184,                0.98822,                0.13674,                 0.1283,                0.12089,                0.78723,              0.0009605,              0.0009605,              0.0009605
                    107,                  0.246,                0.20621,                0.20541,                 0.8507,                0.99931,                0.98925,                0.99022,                0.99022,                0.99931,                0.98925,                0.99022,                0.98649,                  0.149,                0.12588,                0.13987,                 0.7881,              0.0009506,              0.0009506,              0.0009506
                    108,                0.24532,                0.19132,                0.20646,                 0.8447,                0.99919,                0.98925,                0.99056,                0.99056,                0.99919,                0.98925,                0.99056,                0.98773,                0.14463,                0.12823,                0.12599,                0.78689,              0.0009407,              0.0009407,              0.0009407
                    109,                 0.2347,                0.18159,                0.19939,                0.84604,                0.99937,                0.98925,                0.98937,                0.98937,                0.99937,                0.98925,                0.98937,                0.98575,                0.14032,                0.12641,                0.11684,                0.78555,              0.0009308,              0.0009308,              0.0009308
                    110,                0.23746,                0.19677,                0.19909,                0.84594,                0.99908,                0.98925,                0.99042,                0.98964,                0.99908,                0.98925,                0.99042,                0.98601,                0.13394,                0.12752,                 0.1169,                0.78573,              0.0009209,              0.0009209,              0.0009209
                    111,                0.23082,                0.20587,                0.19849,                0.84769,                0.99939,                0.98925,                0.99225,                0.99225,                0.99939,                0.98925,                0.99225,                0.98777,                0.14093,                0.12762,                0.11538,                0.78625,               0.000911,               0.000911,               0.000911
                    112,                0.23741,                0.20887,                0.19605,                0.85091,                0.99937,                0.98925,                0.99219,                0.99219,                0.99937,                0.98925,                0.99219,                0.98843,                0.14443,                0.12687,                0.12701,                0.78718,              0.0009011,              0.0009011,              0.0009011
                    113,                0.23057,                0.19162,                0.19378,                0.84614,                0.99936,                0.98925,                0.99025,                0.99025,                0.99936,                0.98925,                0.99025,                0.98733,                0.13923,                0.12852,                0.12252,                0.78555,              0.0008912,              0.0008912,              0.0008912
                    114,                0.23718,                0.20085,                0.19902,                0.84326,                0.99939,                0.98925,                0.99168,                0.99168,                0.99939,                0.98925,                0.99168,                0.98464,                0.14291,                0.12698,                0.12177,                0.78664,              0.0008813,              0.0008813,              0.0008813
                    115,                0.23402,                0.20783,                0.19776,                0.84516,                0.99918,                0.98925,                0.99116,                0.99116,                0.99918,                0.98925,                0.99116,                0.98542,                0.15302,                0.13371,                0.12462,                0.78614,              0.0008714,              0.0008714,              0.0008714
                    116,                 0.2353,                 0.2057,                0.19816,                0.84515,                0.99934,                0.98925,                0.99264,                0.99264,                0.99934,                0.98925,                0.99264,                0.98766,                0.15399,                0.12551,                0.12941,                0.78771,              0.0008615,              0.0008615,              0.0008615
                    117,                0.23502,                0.19421,                0.19626,                0.84808,                0.99936,                0.98925,                0.99292,                0.99292,                0.99936,                0.98925,                0.99292,                0.99031,                0.14006,                0.12588,                0.12451,                0.78623,              0.0008516,              0.0008516,              0.0008516
                    118,                0.23629,                0.20425,                0.19484,                0.84188,                0.99931,                0.98925,                0.99231,                0.99231,                0.99931,                0.98925,                0.99231,                0.98845,                0.14066,                0.12514,                0.11668,                0.78669,              0.0008417,              0.0008417,              0.0008417
                    119,                0.22678,                0.18377,                0.19021,                 0.8439,                0.99932,                0.98925,                0.99331,                0.99331,                0.99932,                0.98925,                0.99331,                0.98595,                0.14628,                0.12433,                0.12323,                0.78829,              0.0008318,              0.0008318,              0.0008318
                    120,                0.23509,                0.19864,                0.19805,                 0.8409,                0.99866,                0.98925,                0.99323,                0.99323,                0.99866,                0.98925,                0.99323,                0.99096,                0.13686,                0.12832,                0.12599,                0.78685,              0.0008219,              0.0008219,              0.0008219
                    121,                0.23192,                0.19527,                0.19624,                0.84838,                0.99942,                0.98925,                0.98997,                0.98997,                0.99942,                0.98925,                0.98997,                0.98707,                0.13546,                0.12364,                 0.1222,                0.78523,               0.000812,               0.000812,               0.000812
                    122,                0.23317,                0.21773,                 0.2018,                0.84822,                0.99938,                0.98925,                0.99003,                0.99003,                0.99938,                0.98925,                0.99003,                0.98544,                0.15026,                0.12609,                0.12196,                0.78721,              0.0008021,              0.0008021,              0.0008021
                    123,                0.23687,                0.22706,                0.20187,                0.85285,                0.99939,                0.98925,                0.99019,                0.99019,                0.99939,                0.98925,                0.99019,                0.98637,                0.14421,                0.12954,                0.12217,                0.78671,              0.0007922,              0.0007922,              0.0007922
                    124,                0.23663,                 0.1904,                0.19806,                0.85339,                 0.9992,                0.98925,                0.98997,                0.98997,                 0.9992,                0.98925,                0.98997,                0.98585,                0.14636,                0.12502,                0.12414,                0.78687,              0.0007823,              0.0007823,              0.0007823
                    125,                0.22465,                0.18283,                 0.1933,                0.84144,                0.99928,                0.98925,                0.99264,                0.99264,                0.99928,                0.98925,                0.99264,                0.98809,                 0.1388,                0.12313,                0.12524,                0.78563,              0.0007724,              0.0007724,              0.0007724
                    126,                 0.2228,                0.18999,                 0.1954,                0.84071,                0.99873,                0.98925,                0.99082,                0.99082,                0.99873,                0.98925,                0.99082,                0.98742,                0.13338,                0.12246,                0.12002,                0.78486,              0.0007625,              0.0007625,              0.0007625
                    127,                0.22994,                 0.2139,                0.20104,                0.84382,                 0.9994,                0.98925,                0.98981,                0.98981,                 0.9994,                0.98925,                0.98981,                0.98604,                0.13544,                  0.126,                0.12439,                0.78538,              0.0007526,              0.0007526,              0.0007526
                    128,                0.22771,                 0.2045,                0.19629,                0.84383,                0.99942,                0.98925,                0.98975,                0.98975,                0.99942,                0.98925,                0.98975,                0.98493,                0.12429,                0.12453,                 0.1106,                0.78447,              0.0007427,              0.0007427,              0.0007427
                    129,                 0.2193,                 0.1818,                0.19026,                 0.8453,                0.99941,                0.98925,                0.98907,                0.98907,                0.99941,                0.98925,                0.98907,                0.98373,                0.13337,                 0.1231,                0.11677,                0.78491,              0.0007328,              0.0007328,              0.0007328
                    130,                0.21592,                0.18084,                0.18164,                0.84033,                0.99926,                0.98925,                0.99086,                0.99086,                0.99926,                0.98925,                0.99086,                0.98552,                0.12889,                0.12117,                0.11608,                0.78568,              0.0007229,              0.0007229,              0.0007229
                    131,                0.22606,                 0.2041,                0.18967,                0.84267,                0.99906,                0.98925,                0.99184,                0.99184,                0.99906,                0.98925,                0.99184,                 0.9878,                0.13289,                0.12377,                0.11703,                0.78767,               0.000713,               0.000713,               0.000713
                    132,                0.22186,                0.19472,                0.19016,                0.84401,                0.99926,                0.98925,                0.99264,                0.99126,                0.99926,                0.98925,                0.99264,                0.98854,                0.12495,                0.12141,                0.11701,                0.78626,              0.0007031,              0.0007031,              0.0007031
                    133,                0.22329,                0.18989,                 0.1939,                0.85065,                0.99904,                0.98925,                0.99264,                0.99193,                0.99904,                0.98925,                0.99264,                0.98811,                 0.1368,                0.12656,                0.12049,                0.78571,              0.0006932,              0.0006932,              0.0006932
                    134,                0.22495,                0.19269,                 0.1944,                0.84443,                 0.9986,                0.98925,                0.99225,                0.99225,                 0.9986,                0.98925,                0.99225,                0.98812,                0.12787,                0.12384,                0.11509,                0.78411,              0.0006833,              0.0006833,              0.0006833
                    135,                0.22306,                0.20027,                0.18701,                 0.8446,                 0.9986,                0.98925,                0.99219,                0.99219,                 0.9986,                0.98925,                0.99219,                0.98705,                0.12578,                0.11999,                0.11537,                0.78418,              0.0006734,              0.0006734,              0.0006734
                    136,                0.21657,                0.20199,                 0.1831,                0.84409,                0.99939,                0.98925,                0.99213,                0.99213,                0.99939,                0.98925,                0.99213,                0.98819,                0.12663,                0.12267,                0.11167,                0.78381,              0.0006635,              0.0006635,              0.0006635
                    137,                0.21402,                0.18843,                0.17822,                0.84167,                 0.9994,                0.98925,                0.99251,                0.99251,                 0.9994,                0.98925,                0.99251,                0.98724,                0.12122,                0.12116,                0.10688,                0.78511,              0.0006536,              0.0006536,              0.0006536
                    138,                0.22047,                0.18628,                0.18765,                0.84324,                0.99942,                0.98925,                0.99225,                0.99225,                0.99942,                0.98925,                0.99225,                0.98759,                0.11911,                0.12221,                0.10243,                0.78377,              0.0006437,              0.0006437,              0.0006437
                    139,                0.21781,                 0.1734,                0.17936,                0.84598,                0.99939,                0.98925,                0.99196,                0.99196,                0.99939,                0.98925,                0.99196,                0.98699,                0.12974,                0.11802,                0.11714,                0.78465,              0.0006338,              0.0006338,              0.0006338
                    140,                 0.2169,                0.20002,                0.18304,                 0.8436,                0.99939,                0.98925,                0.99179,                0.99179,                0.99939,                0.98925,                0.99179,                0.98747,                0.12476,                0.12157,                0.11685,                0.78457,              0.0006239,              0.0006239,              0.0006239
                    141,                0.21228,                0.19072,                0.18129,                0.84023,                0.99935,                0.98925,                0.99271,                0.99271,                0.99935,                0.98925,                0.99271,                0.98796,                0.12514,                0.11944,                 0.1137,                0.78442,               0.000614,               0.000614,               0.000614
                    142,                0.20349,                0.17853,                0.17765,                0.84371,                0.99911,                0.98925,                0.99278,                0.99278,                0.99911,                0.98925,                0.99278,                0.98875,                  0.124,                0.12374,                0.11278,                0.78291,              0.0006041,              0.0006041,              0.0006041
                    143,                0.21738,                0.17942,                0.17681,                0.84425,                0.99933,                0.98925,                0.99373,                0.99373,                0.99933,                0.98925,                0.99373,                0.98957,                0.12016,                0.11845,                0.10978,                0.78356,              0.0005942,              0.0005942,              0.0005942
                    144,                0.20943,                0.17757,                0.17797,                0.83853,                0.99943,                0.98925,                0.99391,                0.99391,                0.99943,                0.98925,                0.99391,                0.99023,                0.12059,                0.12495,                 0.1072,                0.78333,              0.0005843,              0.0005843,              0.0005843
                    145,                0.20568,                0.17921,                0.17827,                0.84266,                0.99942,                0.98925,                0.99364,                0.99364,                0.99942,                0.98925,                0.99364,                0.98847,                0.12054,                0.11971,                0.11103,                0.78343,              0.0005744,              0.0005744,              0.0005744
                    146,                 0.2131,                0.17372,                0.17959,                0.84599,                0.99942,                0.98925,                0.99331,                0.99331,                0.99942,                0.98925,                0.99331,                0.99021,                0.11874,                0.11807,                 0.1043,                0.78335,              0.0005645,              0.0005645,              0.0005645
                    147,                0.20588,                0.17757,                0.17657,                 0.8386,                0.99942,                0.98925,                0.99251,                0.99251,                0.99942,                0.98925,                0.99251,                0.98927,                0.11841,                0.11725,                0.10862,                0.78261,              0.0005546,              0.0005546,              0.0005546
                    148,                0.21415,                0.20925,                0.17812,                0.84772,                0.99935,                0.98925,                0.99244,                0.99244,                0.99935,                0.98925,                0.99244,                 0.9881,                 0.1286,                0.11938,                0.11468,                0.78539,              0.0005447,              0.0005447,              0.0005447
                    149,                0.21022,                0.19291,                 0.1762,                0.84254,                 0.9994,                0.98925,                0.99315,                0.99315,                 0.9994,                0.98925,                0.99315,                 0.9898,                0.10962,                0.11747,                0.10301,                0.78308,              0.0005348,              0.0005348,              0.0005348
                    150,                0.20449,                0.19653,                0.17721,                0.84434,                0.99939,                0.98925,                0.99292,                0.99292,                0.99939,                0.98925,                0.99292,                0.98935,                0.10965,                 0.1202,                 0.1072,                0.78301,              0.0005249,              0.0005249,              0.0005249
                    151,                0.20707,                0.18861,                0.17255,                0.84242,                0.99922,                0.98925,                0.99271,                0.99271,                0.99922,                0.98925,                0.99271,                0.98903,                0.11991,                0.11782,                0.10473,                0.78257,               0.000515,               0.000515,               0.000515
                    152,                0.20766,                0.19238,                0.17471,                0.83763,                0.99936,                0.98925,                0.99285,                0.99285,                0.99936,                0.98925,                0.99285,                0.98786,                0.11519,                0.11636,                0.10213,                0.78322,              0.0005051,              0.0005051,              0.0005051
                    153,                0.19938,                0.18401,                0.16406,                0.84713,                 0.9994,                0.98925,                0.99292,                0.99292,                 0.9994,                0.98925,                0.99292,                0.98916,                 0.1129,                0.11923,                0.10067,                0.78257,              0.0004952,              0.0004952,              0.0004952
                    154,                0.21311,                0.19359,                0.17437,                0.85208,                0.99941,                0.98925,                0.99356,                0.99356,                0.99941,                0.98925,                0.99356,                0.98954,                0.12123,                0.12582,                0.10004,                0.78291,              0.0004853,              0.0004853,              0.0004853
                    155,                0.20926,                0.19328,                0.17286,                0.84441,                 0.9994,                0.98925,                0.99315,                0.99315,                 0.9994,                0.98925,                0.99315,                0.98921,                0.11418,                0.12064,                0.10182,                0.78254,              0.0004754,              0.0004754,              0.0004754
                    156,                0.20415,                0.17841,                0.16887,                0.84348,                0.99925,                0.98925,                0.99219,                0.99219,                0.99925,                0.98925,                0.99219,                0.98788,                0.12703,                0.11733,                0.10357,                0.78468,              0.0004655,              0.0004655,              0.0004655
                    157,                0.21559,                0.19817,                0.18031,                0.83763,                0.99913,                0.98925,                0.99207,                0.99207,                0.99913,                0.98925,                0.99207,                  0.988,                0.10693,                0.11715,                0.09807,                0.78222,              0.0004556,              0.0004556,              0.0004556
                    158,                0.19981,                0.19161,                0.16574,                0.84237,                0.99941,                0.98925,                0.99213,                0.99213,                0.99941,                0.98925,                0.99213,                0.98869,                0.11177,                0.11741,                0.09785,                0.78231,              0.0004457,              0.0004457,              0.0004457
                    159,                0.20364,                0.18698,                0.17492,                  0.838,                0.99941,                0.98925,                0.99207,                0.99207,                0.99941,                0.98925,                0.99207,                0.98814,                 0.1129,                0.11531,                0.09481,                0.78164,              0.0004358,              0.0004358,              0.0004358
                    160,                0.20115,                0.17868,                0.17162,                0.84084,                0.99942,                0.98925,                0.99196,                0.99196,                0.99942,                0.98925,                0.99196,                0.98749,                0.12242,                0.11613,                0.10117,                0.78282,              0.0004259,              0.0004259,              0.0004259
                    161,                0.20276,                0.18186,                0.16617,                0.84065,                0.99942,                0.98925,                0.99292,                0.99292,                0.99942,                0.98925,                0.99292,                0.98852,                0.10773,                0.11939,                0.09389,                0.78157,               0.000416,               0.000416,               0.000416
                    162,                0.19408,                0.17373,                0.16356,                0.84292,                0.99943,                0.98925,                  0.993,                  0.993,                0.99943,                0.98925,                  0.993,                0.98979,                0.10972,                0.11689,                0.09717,                0.78195,              0.0004061,              0.0004061,              0.0004061
                    163,                0.19241,                0.17529,                0.16082,                0.84383,                0.99939,                0.98925,                0.99207,                0.99207,                0.99939,                0.98925,                0.99207,                0.98877,                0.11058,                0.11595,                0.09746,                 0.7817,              0.0003962,              0.0003962,              0.0003962
                    164,                0.20474,                0.19194,                0.16606,                0.84697,                0.99943,                0.98925,                0.99356,                0.99356,                0.99943,                0.98925,                0.99356,                0.99027,                0.10363,                0.11717,                0.09532,                  0.781,              0.0003863,              0.0003863,              0.0003863
                    165,                0.19813,                0.18963,                0.16489,                0.83885,                0.99942,                0.98925,                0.99391,                0.99391,                0.99942,                0.98925,                0.99391,                0.99044,                0.10515,                0.11677,                0.09125,                0.78111,              0.0003764,              0.0003764,              0.0003764
                    166,                0.19053,                0.20026,                 0.1625,                0.83471,                0.99942,                0.98925,                0.99285,                0.99285,                0.99942,                0.98925,                0.99285,                0.98903,                 0.1016,                0.11973,                0.09172,                0.78105,              0.0003665,              0.0003665,              0.0003665
                    167,                0.19365,                0.17781,                0.16349,                0.84178,                0.99943,                0.98925,                0.99231,                0.99231,                0.99943,                0.98925,                0.99231,                0.98846,                0.10622,                0.11737,                0.09528,                0.78148,              0.0003566,              0.0003566,              0.0003566
                    168,                0.20171,                0.19489,                0.16448,                0.83957,                0.99931,                0.98925,                0.99238,                0.99238,                0.99931,                0.98925,                0.99238,                0.98861,                0.11346,                0.11793,                0.09609,                0.78214,              0.0003467,              0.0003467,              0.0003467
                    169,                 0.1835,                0.17911,                0.15575,                0.83743,                0.99943,                0.98925,                0.99331,                0.99331,                0.99943,                0.98925,                0.99331,                 0.9901,                0.10667,                0.11976,                0.09368,                0.78145,              0.0003368,              0.0003368,              0.0003368
                    170,                0.18909,                0.17974,                0.16163,                 0.8377,                0.99942,                0.98925,                0.99364,                0.99364,                0.99942,                0.98925,                0.99364,                0.99043,                0.10822,                0.11802,                 0.0929,                0.78124,              0.0003269,              0.0003269,              0.0003269
                    171,                0.18985,                0.17746,                0.15955,                0.83504,                0.99942,                0.98925,                0.99364,                0.99364,                0.99942,                0.98925,                0.99364,                0.99054,                0.10386,                 0.1153,                0.09171,                0.78147,               0.000317,               0.000317,               0.000317
                    172,                0.19676,                0.17972,                0.16184,                 0.8421,                0.99944,                0.98925,                0.99391,                0.99391,                0.99944,                0.98925,                0.99391,                0.99089,                0.10653,                 0.1144,                0.09685,                0.78111,              0.0003071,              0.0003071,              0.0003071
                    173,                0.18688,                0.18755,                0.15494,                0.83923,                0.99943,                0.98925,                0.99373,                0.99373,                0.99943,                0.98925,                0.99373,                0.99043,                0.10283,                0.11383,                0.09454,                0.78039,              0.0002972,              0.0002972,              0.0002972
                    174,                0.18644,                0.16775,                0.15067,                0.83752,                0.99943,                0.98925,                0.99323,                0.99323,                0.99943,                0.98925,                0.99323,                0.98976,                 0.1049,                0.12001,                0.09048,                0.78096,              0.0002873,              0.0002873,              0.0002873
                    175,                0.19116,                0.17765,                0.15944,                0.83843,                0.99943,                0.98925,                0.99307,                0.99307,                0.99943,                0.98925,                0.99307,                0.98952,                0.10241,                 0.1173,                0.09404,                0.78072,              0.0002774,              0.0002774,              0.0002774
                    176,                0.18727,                0.17875,                0.15545,                0.83471,                0.99943,                0.98925,                0.99285,                0.99285,                0.99943,                0.98925,                0.99285,                0.98951,                0.10379,                0.11591,                0.09043,                0.78021,              0.0002675,              0.0002675,              0.0002675
                    177,                0.18747,                0.18474,                0.15708,                0.83783,                0.99943,                0.98925,                0.99323,                0.99323,                0.99943,                0.98925,                0.99323,                0.98975,                 0.1026,                0.11522,                0.09096,                0.78026,              0.0002576,              0.0002576,              0.0002576
                    178,                0.18449,                 0.1704,                0.15219,                 0.8358,                0.99943,                0.98925,                  0.993,                  0.993,                0.99943,                0.98925,                  0.993,                0.98921,                 0.1013,                0.11522,                0.09308,                0.78103,              0.0002477,              0.0002477,              0.0002477
                    179,                0.19584,                0.20012,                0.15933,                0.84212,                0.99943,                0.98925,                0.99271,                0.99271,                0.99943,                0.98925,                0.99271,                0.98925,                0.10349,                0.11448,                0.08828,                0.78047,              0.0002378,              0.0002378,              0.0002378
                    180,                0.18273,                0.17362,                 0.1511,                0.83921,                0.99943,                0.98925,                0.99207,                0.99207,                0.99943,                0.98925,                0.99207,                0.98887,                0.09913,                0.11523,                0.08814,                0.78051,              0.0002279,              0.0002279,              0.0002279
                    181,                0.18677,                0.17973,                0.15476,                0.84157,                0.99943,                0.98925,                0.99213,                0.99213,                0.99943,                0.98925,                0.99213,                0.98893,                0.10322,                0.11649,                0.08622,                0.78035,               0.000218,               0.000218,               0.000218
                    182,                0.18662,                0.17504,                0.15155,                0.83854,                0.99943,                0.98925,                0.99207,                0.99207,                0.99943,                0.98925,                0.99207,                0.98779,                 0.0981,                0.11539,                0.08669,                0.77992,              0.0002081,              0.0002081,              0.0002081
                    183,                0.18242,                0.18323,                0.15062,                0.84126,                0.99941,                0.98925,                0.99238,                0.99238,                0.99941,                0.98925,                0.99238,                0.98917,                0.09897,                 0.1157,                0.08642,                0.78044,              0.0001982,              0.0001982,              0.0001982
                    184,                0.17888,                0.17772,                0.14976,                0.83472,                 0.9994,                0.98925,                0.99264,                0.99264,                 0.9994,                0.98925,                0.99264,                0.98781,                0.09888,                0.11582,                0.08391,                0.78054,              0.0001883,              0.0001883,              0.0001883
                    185,                 0.1961,                0.18334,                0.15602,                0.84261,                0.99938,                0.98925,                  0.993,                  0.993,                0.99938,                0.98925,                  0.993,                0.98989,                0.09969,                0.11531,                0.08311,                0.78052,              0.0001784,              0.0001784,              0.0001784
                    186,                0.18693,                 0.1691,                0.15319,                0.83493,                0.99941,                0.98925,                0.99307,                0.99307,                0.99941,                0.98925,                0.99307,                0.99008,                0.09798,                0.11465,                0.08253,                0.78053,              0.0001685,              0.0001685,              0.0001685
                    187,                 0.1838,                0.18086,                0.15581,                0.83793,                0.99942,                0.98925,                0.99339,                0.99339,                0.99942,                0.98925,                0.99339,                0.99054,                0.10183,                0.11475,                0.08509,                 0.7804,              0.0001586,              0.0001586,              0.0001586
                    188,                0.18598,                0.18962,                0.14927,                0.83584,                0.99942,                0.98925,                  0.993,                  0.993,                0.99942,                0.98925,                  0.993,                0.98999,                0.09468,                0.11679,                0.08112,                0.77967,              0.0001487,              0.0001487,              0.0001487
                    189,                  0.178,                0.17277,                0.14499,                0.83689,                0.99943,                0.98925,                0.99292,                0.99292,                0.99943,                0.98925,                0.99292,                0.98992,                0.09504,                0.11513,                0.08355,                 0.7802,              0.0001388,              0.0001388,              0.0001388
                    190,                0.17652,                0.16963,                0.14594,                0.83396,                0.99943,                0.98925,                0.99292,                0.99292,                0.99943,                0.98925,                0.99292,                 0.9897,                0.09388,                0.11513,                0.07888,                0.77993,              0.0001289,              0.0001289,              0.0001289
                    191,                0.12393,                0.13339,                0.11069,                0.78827,                 0.9993,                0.98925,                0.99168,                0.99168,                 0.9993,                0.98925,                0.99168,                0.98761,                0.10046,                0.11712,                0.08458,                0.77959,               0.000119,               0.000119,               0.000119
                    192,                0.12242,                  0.125,                0.10897,                0.77941,                0.99937,                0.98925,                0.99213,                0.99213,                0.99937,                0.98925,                0.99213,                0.98906,                0.09987,                0.11564,                0.08605,                0.78085,              0.0001091,              0.0001091,              0.0001091
                    193,                0.12138,                0.12931,                0.10659,                0.77751,                 0.9994,                0.98925,                0.99271,                0.99271,                 0.9994,                0.98925,                0.99271,                0.98804,                0.10207,                0.11561,                0.08571,                0.78035,               9.92e-05,               9.92e-05,               9.92e-05
                    194,                 0.1186,                0.12772,                  0.104,                0.78101,                0.99942,                0.98925,                0.99292,                0.99292,                0.99942,                0.98925,                0.99292,                0.98854,                0.10628,                0.11522,                 0.0848,                0.78069,               8.93e-05,               8.93e-05,               8.93e-05
                    195,                0.12066,                0.12678,                0.10618,                0.77345,                0.99942,                0.98925,                  0.993,                  0.993,                0.99942,                0.98925,                  0.993,                0.98956,                0.10132,                0.11526,                 0.0866,                 0.7809,               7.94e-05,               7.94e-05,               7.94e-05
                    196,                0.12201,                0.12641,                0.10598,                0.78361,                0.99942,                0.98925,                0.99331,                0.99331,                0.99942,                0.98925,                0.99331,                0.98992,                0.09788,                0.11473,                0.08184,                0.78002,               6.95e-05,               6.95e-05,               6.95e-05
                    197,                0.11339,                0.12624,                0.10108,                0.77105,                0.99943,                0.98925,                0.99364,                0.99364,                0.99943,                0.98925,                0.99364,                0.99042,                0.10054,                0.11518,                 0.0864,                0.78076,               5.96e-05,               5.96e-05,               5.96e-05
                    198,                0.11777,                0.13273,                 0.1016,                0.77031,                0.99942,                0.98925,                0.99364,                0.99364,                0.99942,                0.98925,                0.99364,                0.99043,                0.09885,                0.11489,                 0.0832,                0.78014,               4.97e-05,               4.97e-05,               4.97e-05
                    199,                0.11217,                0.12716,                0.09903,                0.77814,                0.99942,                0.98925,                0.99373,                0.99373,                0.99942,                0.98925,                0.99373,                0.99055,                0.09554,                0.11509,                0.07938,                0.78007,               3.98e-05,               3.98e-05,               3.98e-05
                    200,                0.11121,                0.13249,                0.09981,                0.77631,                0.99943,                0.98925,                0.99373,                0.99373,                0.99943,                0.98925,                0.99373,                0.99058,                0.09331,                0.11483,                0.08204,                 0.7798,               2.99e-05,               2.99e-05,               2.99e-05
